filename,width,height,channels,file_size_mb
Oil (1).png,1920,1080,3,0.025040626525878906
Oil (10).png,1920,1080,3,0.017128944396972656
Oil (100).png,1920,1080,3,0.013898849487304688
Oil (1000).png,1920,1080,3,0.03148460388183594
Oil (1001).png,1920,1080,3,0.03274726867675781
Oil (1002).png,1920,1080,3,0.031569480895996094
Oil (1003).png,1920,1080,3,0.0303955078125
Oil (1004).png,1920,1080,3,0.029939651489257812
Oil (1005).png,1920,1080,3,0.027845382690429688
Oil (1006).png,1920,1080,3,0.028493881225585938
Oil (1009).png,1920,1080,3,0.02774333953857422
Oil (101).png,1920,1080,3,0.015383720397949219
Oil (1010).png,1920,1080,3,0.02895832061767578
Oil (1011).png,1920,1080,3,0.02783203125
Oil (1012).png,1920,1080,3,0.026323318481445312
Oil (1013).png,1920,1080,3,0.026559829711914062
Oil (1015).png,1920,1080,3,0.026587486267089844
Oil (1016).png,1920,1080,3,0.028105735778808594
Oil (1017).png,1920,1080,3,0.02807331085205078
Oil (1018).png,1920,1080,3,0.027959823608398438
Oil (102).png,1920,1080,3,0.01682567596435547
Oil (1020).png,1920,1080,3,0.025907516479492188
Oil (1021).png,1920,1080,3,0.028087615966796875
Oil (1022).png,1920,1080,3,0.0279693603515625
Oil (1023).png,1920,1080,3,0.02549266815185547
Oil (1025).png,1920,1080,3,0.027599334716796875
Oil (1027).png,1920,1080,3,0.0283355712890625
Oil (1028).png,1920,1080,3,0.029207229614257812
Oil (1029).png,1920,1080,3,0.02904510498046875
Oil (103).png,1920,1080,3,0.0133514404296875
Oil (1030).png,1920,1080,3,0.028802871704101562
Oil (1031).png,1920,1080,3,0.02898120880126953
Oil (1032).png,1920,1080,3,0.03119945526123047
Oil (1034).png,1920,1080,3,0.03156471252441406
Oil (1035).png,1920,1080,3,0.03009796142578125
Oil (1039).png,1920,1080,3,0.0315093994140625
Oil (104).png,1920,1080,3,0.014760017395019531
Oil (1040).png,1920,1080,3,0.03153514862060547
Oil (1041).png,1920,1080,3,0.03167247772216797
Oil (1043).png,1920,1080,3,0.03296947479248047
Oil (1046).png,1920,1080,3,0.03222179412841797
Oil (1048).png,1920,1080,3,0.035635948181152344
Oil (105).png,1920,1080,3,0.013154983520507812
Oil (1051).png,1920,1080,3,0.03376483917236328
Oil (1052).png,1920,1080,3,0.03321075439453125
Oil (1054).png,1920,1080,3,0.033905029296875
Oil (1059).png,1920,1080,3,0.03517436981201172
Oil (106).png,1920,1080,3,0.015338897705078125
Oil (1060).png,1920,1080,3,0.03365135192871094
Oil (1063).png,1920,1080,3,0.033896446228027344
Oil (1064).png,1920,1080,3,0.033921241760253906
Oil (1065).png,1920,1080,3,0.03502178192138672
Oil (107).png,1920,1080,3,0.015840530395507812
Oil (1070).png,1920,1080,3,0.033092498779296875
Oil (1073).png,1920,1080,3,0.03419971466064453
Oil (1075).png,1920,1080,3,0.01994037628173828
Oil (1077).png,1920,1080,3,0.02151966094970703
Oil (1079).png,1920,1080,3,0.020984649658203125
Oil (1080).png,1920,1080,3,0.021269798278808594
Oil (1081).png,1920,1080,3,0.021164894104003906
Oil (1082).png,1920,1080,3,0.020079612731933594
Oil (1083).png,1920,1080,3,0.021085739135742188
Oil (1087).png,1920,1080,3,0.013051986694335938
Oil (1088).png,1920,1080,3,0.013043403625488281
Oil (1089).png,1920,1080,3,0.013029098510742188
Oil (1090).png,1920,1080,3,0.013072967529296875
Oil (1091).png,1920,1080,3,0.013039588928222656
Oil (1092).png,1920,1080,3,0.013020515441894531
Oil (1094).png,1920,1080,3,0.022363662719726562
Oil (1098).png,1920,1080,3,0.02399921417236328
Oil (11).png,1920,1080,3,0.013321876525878906
Oil (1101).png,1920,1080,3,0.024784088134765625
Oil (1102).png,1920,1080,3,0.030602455139160156
Oil (1103).png,1920,1080,3,0.029389381408691406
Oil (1105).png,1920,1080,3,0.027149200439453125
Oil (1107).png,1920,1080,3,0.02812480926513672
Oil (111).png,1920,1080,3,0.014621734619140625
Oil (1110).png,1920,1080,3,0.027724266052246094
Oil (1111).png,1920,1080,3,0.028553009033203125
Oil (1112).png,1920,1080,3,0.02881622314453125
Oil (1114).png,1920,1080,3,0.02481555938720703
Oil (1115).png,1920,1080,3,0.02732372283935547
Oil (1116).png,1920,1080,3,0.028380393981933594
Oil (1117).png,1920,1080,3,0.02868175506591797
Oil (1118).png,1920,1080,3,0.029382705688476562
Oil (1119).png,1920,1080,3,0.02935504913330078
Oil (1120).png,1920,1080,3,0.029008865356445312
Oil (1126).png,1920,1080,3,0.04015159606933594
Oil (1127).png,1920,1080,3,0.04046630859375
Oil (1129).png,1920,1080,3,0.038987159729003906
Oil (113).png,1920,1080,3,0.015148162841796875
Oil (1131).png,1920,1080,3,0.035050392150878906
Oil (1133).png,1920,1080,3,0.035628318786621094
Oil (1134).png,1920,1080,3,0.03436565399169922
Oil (1135).png,1920,1080,3,0.03477287292480469
Oil (1137).png,1920,1080,3,0.026659011840820312
Oil (1139).png,1920,1080,3,0.02658557891845703
Oil (1141).png,1920,1080,3,0.03168010711669922
Oil (1142).png,1920,1080,3,0.03393268585205078
Oil (1143).png,1920,1080,3,0.036698341369628906
Oil (1146).png,5184,2920,3,0.1264362335205078
Oil (1147).png,1920,1080,3,0.034979820251464844
Oil (1148).png,5184,2920,3,0.12303352355957031
Oil (1150).png,5184,2920,3,0.11008930206298828
Oil (1152).png,1920,1080,3,0.014629364013671875
Oil (1153).png,5184,2920,3,0.08358478546142578
Oil (1154).png,1920,1080,3,0.019089698791503906
Oil (1156).png,1920,1080,3,0.029588699340820312
Oil (1157).png,5184,2920,3,0.09770393371582031
Oil (1158).png,1920,1080,3,0.02965545654296875
Oil (1159).png,5184,2920,3,0.10647106170654297
Oil (116).png,1920,1080,3,0.015933990478515625
Oil (1160).png,1920,1080,3,0.031612396240234375
Oil (1161).png,5184,2920,3,0.10181903839111328
Oil (1163).png,5184,2920,3,0.13465118408203125
Oil (1165).png,1920,1080,3,0.03190326690673828
Oil (1166).png,5184,2920,3,0.12666797637939453
Oil (1167).png,1920,1080,3,0.029799461364746094
Oil (1168).png,5184,2920,3,0.11690235137939453
Oil (1169).png,1920,1080,3,0.030570030212402344
Oil (117).png,1920,1080,3,0.015189170837402344
Oil (1170).png,5184,2920,3,0.11830806732177734
Oil (1174).png,1920,1080,3,0.03391551971435547
Oil (1176).png,5184,2920,3,0.1225881576538086
Oil (1179).png,5184,2920,3,0.12124347686767578
Oil (1180).png,768,432,3,0.013569831848144531
Oil (1181).png,768,432,3,0.013491630554199219
Oil (1182).png,768,432,3,0.01375579833984375
Oil (1185).png,768,432,3,0.013120651245117188
Oil (1189).png,768,432,3,0.013693809509277344
Oil (119).png,1920,1080,3,0.015188217163085938
Oil (1192).png,768,432,3,0.012543678283691406
Oil (1193).png,768,432,3,0.012335777282714844
Oil (1196).png,768,432,3,0.012164115905761719
Oil (1199).png,768,432,3,0.013472557067871094
Oil (1200).png,768,432,3,0.014269828796386719
Oil (1201).png,768,432,3,0.013743400573730469
Oil (1202).png,768,432,3,0.012950897216796875
Oil (1203).png,768,432,3,0.013116836547851562
Oil (1204).png,768,432,3,0.013739585876464844
Oil (1205).png,768,432,3,0.014375686645507812
Oil (1207).png,768,432,3,0.014836311340332031
Oil (1209).png,768,432,3,0.013446807861328125
Oil (121).png,1920,1080,3,0.014818191528320312
Oil (1211).png,768,432,3,0.01152801513671875
Oil (1212).png,768,432,3,0.009897232055664062
Oil (1213).png,768,432,3,0.012284278869628906
Oil (1215).png,768,432,3,0.013096809387207031
Oil (1216).png,768,432,3,0.012454032897949219
Oil (1219).png,768,432,3,0.011279106140136719
Oil (122).png,1920,1080,3,0.015008926391601562
Oil (1221).png,768,432,3,0.0072956085205078125
Oil (1224).png,768,432,3,0.008509635925292969
Oil (1225).png,768,432,3,0.007913589477539062
Oil (1226).png,768,432,3,0.008269309997558594
Oil (1228).png,768,432,3,0.007615089416503906
Oil (1229).png,768,432,3,0.00800323486328125
Oil (123).png,1920,1080,3,0.016231536865234375
Oil (1230).png,768,432,3,0.0056610107421875
Oil (1235).png,768,432,3,0.007710456848144531
Oil (1236).png,768,432,3,0.007390022277832031
Oil (1238).png,768,432,3,0.009865760803222656
Oil (1239).png,768,432,3,0.009415626525878906
Oil (1240).png,768,432,3,0.009448051452636719
Oil (1242).png,768,432,3,0.009026527404785156
Oil (1243).png,768,432,3,0.0033779144287109375
Oil (1246).png,768,432,3,0.004256248474121094
Oil (1247).png,768,432,3,0.006817817687988281
Oil (1248).png,768,432,3,0.0047893524169921875
Oil (1249).png,768,432,3,0.008093833923339844
Oil (125).png,1920,1080,3,0.01609325408935547
Oil (1250).png,768,432,3,0.007945060729980469
Oil (1251).png,768,432,3,0.009243965148925781
Oil (1253).png,768,432,3,0.009969711303710938
Oil (1255).png,768,432,3,0.0076427459716796875
Oil (129).png,1920,1080,3,0.02285289764404297
Oil (13).png,1920,1080,3,0.017563819885253906
Oil (132).png,1920,1080,3,0.02602863311767578
Oil (136).png,1920,1080,3,0.023710250854492188
Oil (137).png,1920,1080,3,0.024358749389648438
Oil (139).png,1920,1080,3,0.024412155151367188
Oil (140).png,1920,1080,3,0.02086925506591797
Oil (141).png,1920,1080,3,0.014834403991699219
Oil (143).png,1920,1080,3,0.022064208984375
Oil (147).png,1920,1080,3,0.019575119018554688
Oil (149).png,1920,1080,3,0.019181251525878906
Oil (15).png,1920,1080,3,0.01781463623046875
Oil (150).png,1920,1080,3,0.018367767333984375
Oil (151).png,1920,1080,3,0.018312454223632812
Oil (152).png,1920,1080,3,0.018828392028808594
Oil (153).png,1920,1080,3,0.01941204071044922
Oil (154).png,1920,1080,3,0.020476341247558594
Oil (156).png,1920,1080,3,0.020723342895507812
Oil (157).png,1920,1080,3,0.021642684936523438
Oil (158).png,1920,1080,3,0.02216339111328125
Oil (16).png,1920,1080,3,0.01785755157470703
Oil (160).png,1920,1080,3,0.022070884704589844
Oil (163).png,1920,1080,3,0.020488739013671875
Oil (168).png,1920,1080,3,0.021343231201171875
Oil (169).png,1920,1080,3,0.01936054229736328
Oil (17).png,1920,1080,3,0.017620086669921875
Oil (170).png,1920,1080,3,0.017683029174804688
Oil (172).png,1920,1080,3,0.017310142517089844
Oil (173).png,1920,1080,3,0.016242027282714844
Oil (174).png,1920,1080,3,0.01772022247314453
Oil (178).png,1920,1080,3,0.018746376037597656
Oil (18).png,1920,1080,3,0.016645431518554688
Oil (180).png,1920,1080,3,0.017938613891601562
Oil (181).png,1920,1080,3,0.018768310546875
Oil (183).png,1920,1080,3,0.01867198944091797
Oil (188).png,1920,1080,3,0.015225410461425781
Oil (189).png,1920,1080,3,0.014552116394042969
Oil (19).png,1920,1080,3,0.01743316650390625
Oil (190).png,1920,1080,3,0.014912605285644531
Oil (191).png,1920,1080,3,0.015573501586914062
Oil (192).png,1920,1080,3,0.01678180694580078
Oil (193).png,1920,1080,3,0.01756763458251953
Oil (196).png,1920,1080,3,0.012750625610351562
Oil (197).png,1920,1080,3,0.012728691101074219
Oil (199).png,1920,1080,3,0.022220611572265625
Oil (20).png,1920,1080,3,0.017896652221679688
Oil (201).png,1920,1080,3,0.022100448608398438
Oil (202).png,1920,1080,3,0.020974159240722656
Oil (204).png,1920,1080,3,0.020864486694335938
Oil (205).png,1920,1080,3,0.018652915954589844
Oil (206).png,1920,1080,3,0.019289016723632812
Oil (207).png,1920,1080,3,0.021137237548828125
Oil (208).png,1920,1080,3,0.02214336395263672
Oil (209).png,1920,1080,3,0.017821311950683594
Oil (211).png,1920,1080,3,0.022869110107421875
Oil (212).png,1920,1080,3,0.016409873962402344
Oil (213).png,1920,1080,3,0.0196075439453125
Oil (214).png,1920,1080,3,0.018621444702148438
Oil (215).png,1920,1080,3,0.01916980743408203
Oil (216).png,1920,1080,3,0.013487815856933594
Oil (217).png,1920,1080,3,0.012774467468261719
Oil (219).png,1920,1080,3,0.013790130615234375
Oil (22).png,1920,1080,3,0.014645576477050781
Oil (220).png,1920,1080,3,0.015127182006835938
Oil (221).png,1920,1080,3,0.01363372802734375
Oil (222).png,1920,1080,3,0.014842033386230469
Oil (223).png,1920,1080,3,0.012799263000488281
Oil (225).png,1920,1080,3,0.012804985046386719
Oil (226).png,1920,1080,3,0.012859344482421875
Oil (227).png,1920,1080,3,0.011219978332519531
Oil (228).png,1920,1080,3,0.012648582458496094
Oil (23).png,1920,1080,3,0.012900352478027344
Oil (230).png,1920,1080,3,0.012803077697753906
Oil (232).png,1920,1080,3,0.0144805908203125
Oil (233).png,1920,1080,3,0.013479232788085938
Oil (234).png,1920,1080,3,0.015175819396972656
Oil (236).png,1920,1080,3,0.014032363891601562
Oil (238).png,1920,1080,3,0.015712738037109375
Oil (24).png,1920,1080,3,0.013309478759765625
Oil (241).png,1920,1080,3,0.016303062438964844
Oil (243).png,1920,1080,3,0.016241073608398438
Oil (244).png,1920,1080,3,0.01584625244140625
Oil (245).png,1920,1080,3,0.015608787536621094
Oil (246).png,1920,1080,3,0.01746368408203125
Oil (248).png,1920,1080,3,0.023575782775878906
Oil (25).png,1920,1080,3,0.015000343322753906
Oil (250).png,1920,1080,3,0.033247947692871094
Oil (252).png,1920,1080,3,0.028443336486816406
Oil (253).png,1920,1080,3,0.03006744384765625
Oil (254).png,1920,1080,3,0.03044891357421875
Oil (255).png,1920,1080,3,0.02882671356201172
Oil (257).png,1920,1080,3,0.031280517578125
Oil (258).png,1920,1080,3,0.033016204833984375
Oil (26).png,1920,1080,3,0.012219429016113281
Oil (260).png,1920,1080,3,0.032088279724121094
Oil (261).png,1920,1080,3,0.03379344940185547
Oil (262).png,1920,1080,3,0.03310394287109375
Oil (263).png,1920,1080,3,0.032939910888671875
Oil (264).png,1920,1080,3,0.032115936279296875
Oil (266).png,1920,1080,3,0.031429290771484375
Oil (267).png,1920,1080,3,0.03155326843261719
Oil (268).png,1920,1080,3,0.0312957763671875
Oil (269).png,1920,1080,3,0.03150367736816406
Oil (270).png,1920,1080,3,0.02984905242919922
Oil (271).png,1920,1080,3,0.0199127197265625
Oil (272).png,1920,1080,3,0.022710800170898438
Oil (273).png,1920,1080,3,0.02417755126953125
Oil (274).png,1920,1080,3,0.011618614196777344
Oil (276).png,1920,1080,3,0.01197052001953125
Oil (277).png,1920,1080,3,0.011915206909179688
Oil (278).png,1920,1080,3,0.027034759521484375
Oil (28).png,1920,1080,3,0.012651443481445312
Oil (286).png,1920,1080,3,0.01055145263671875
Oil (289).png,1920,1080,3,0.010560035705566406
Oil (29).png,1920,1080,3,0.012717247009277344
Oil (290).png,1920,1080,3,0.011946678161621094
Oil (292).png,1920,1080,3,0.010527610778808594
Oil (293).png,1920,1080,3,0.01180267333984375
Oil (294).png,1920,1080,3,0.011836051940917969
Oil (295).png,1920,1080,3,0.011831283569335938
Oil (296).png,1920,1080,3,0.010545730590820312
Oil (297).png,1920,1080,3,0.029733657836914062
Oil (298).png,1920,1080,3,0.014065742492675781
Oil (299).png,1920,1080,3,0.02176380157470703
Oil (3).png,1920,1080,3,0.01798725128173828
Oil (300).png,1920,1080,3,0.03068828582763672
Oil (301).png,1920,1080,3,0.026689529418945312
Oil (305).png,1920,1080,3,0.021500587463378906
Oil (307).png,1920,1080,3,0.019985198974609375
Oil (309).png,1920,1080,3,0.018482208251953125
Oil (31).png,1920,1080,3,0.014858245849609375
Oil (311).png,1920,1080,3,0.02021503448486328
Oil (312).png,1920,1080,3,0.02005767822265625
Oil (313).png,1920,1080,3,0.019174575805664062
Oil (314).png,1920,1080,3,0.02418041229248047
Oil (315).png,1920,1080,3,0.01996326446533203
Oil (316).png,1920,1080,3,0.019692420959472656
Oil (317).png,1920,1080,3,0.019303321838378906
Oil (318).png,1920,1080,3,0.01990222930908203
Oil (319).png,1920,1080,3,0.0201568603515625
Oil (32).png,1920,1080,3,0.016998291015625
Oil (320).png,1920,1080,3,0.020275115966796875
Oil (323).png,1920,1080,3,0.02019214630126953
Oil (324).png,1920,1080,3,0.02053546905517578
Oil (325).png,1920,1080,3,0.01877593994140625
Oil (326).png,1920,1080,3,0.02080059051513672
Oil (33).png,1920,1080,3,0.017256736755371094
Oil (331).png,1920,1080,3,0.02025127410888672
Oil (332).png,1920,1080,3,0.019367218017578125
Oil (333).png,1920,1080,3,0.02037525177001953
Oil (335).png,1920,1080,3,0.022484779357910156
Oil (336).png,1920,1080,3,0.021264076232910156
Oil (338).png,1920,1080,3,0.023441314697265625
Oil (339).png,1920,1080,3,0.018505096435546875
Oil (34).png,1920,1080,3,0.01839160919189453
Oil (344).png,1920,1080,3,0.01972675323486328
Oil (345).png,1920,1080,3,0.014378547668457031
Oil (35).png,1920,1080,3,0.017547607421875
Oil (350).png,1920,1080,3,0.025757789611816406
Oil (351).png,1920,1080,3,0.019731521606445312
Oil (352).png,1920,1080,3,0.01944446563720703
Oil (353).png,1920,1080,3,0.01971435546875
Oil (355).png,1920,1080,3,0.020948410034179688
Oil (357).png,1920,1080,3,0.018286705017089844
Oil (358).png,1920,1080,3,0.018759727478027344
Oil (359).png,1920,1080,3,0.018822669982910156
Oil (36).png,1920,1080,3,0.018362045288085938
Oil (361).png,1920,1080,3,0.019105911254882812
Oil (363).png,1920,1080,3,0.021602630615234375
Oil (369).png,1920,1080,3,0.018831253051757812
Oil (371).png,1920,1080,3,0.020768165588378906
Oil (373).png,1920,1080,3,0.021722793579101562
Oil (375).png,1920,1080,3,0.020722389221191406
Oil (377).png,1920,1080,3,0.01950359344482422
Oil (378).png,1920,1080,3,0.021256446838378906
Oil (379).png,1920,1080,3,0.019021987915039062
Oil (38).png,1920,1080,3,0.017769813537597656
Oil (380).png,1920,1080,3,0.021381378173828125
Oil (381).png,1920,1080,3,0.019034385681152344
Oil (382).png,1920,1080,3,0.020470619201660156
Oil (384).png,1920,1080,3,0.019661903381347656
Oil (386).png,1920,1080,3,0.023378372192382812
Oil (387).png,1920,1080,3,0.021368026733398438
Oil (388).png,1920,1080,3,0.020772933959960938
Oil (391).png,1920,1080,3,0.019672393798828125
Oil (393).png,1920,1080,3,0.02150440216064453
Oil (394).png,1920,1080,3,0.024297714233398438
Oil (396).png,1920,1080,3,0.026721954345703125
Oil (398).png,1920,1080,3,0.019536972045898438
Oil (399).png,1920,1080,3,0.01929759979248047
Oil (40).png,1920,1080,3,0.018418312072753906
Oil (400).png,1920,1080,3,0.01968097686767578
Oil (401).png,1920,1080,3,0.020267486572265625
Oil (402).png,1920,1080,3,0.019092559814453125
Oil (405).png,1920,1080,3,0.019166946411132812
Oil (407).png,1920,1080,3,0.0106048583984375
Oil (408).png,1920,1080,3,0.012239456176757812
Oil (409).png,1920,1080,3,0.018494606018066406
Oil (41).png,1920,1080,3,0.01842498779296875
Oil (410).png,1920,1080,3,0.011570930480957031
Oil (412).png,1920,1080,3,0.012358665466308594
Oil (413).png,1920,1080,3,0.014071464538574219
Oil (414).png,1920,1080,3,0.011977195739746094
Oil (416).png,1920,1080,3,0.011563301086425781
Oil (417).png,1920,1080,3,0.011816978454589844
Oil (419).png,1920,1080,3,0.012006759643554688
Oil (421).png,1920,1080,3,0.011976242065429688
Oil (424).png,1920,1080,3,0.01201629638671875
Oil (428).png,1920,1080,3,0.011843681335449219
Oil (43).png,1920,1080,3,0.01861572265625
Oil (431).png,1920,1080,3,0.011843681335449219
Oil (432).png,1920,1080,3,0.011997222900390625
Oil (433).png,1920,1080,3,0.011834144592285156
Oil (434).png,1920,1080,3,0.011962890625
Oil (436).png,1920,1080,3,0.011816024780273438
Oil (437).png,1920,1080,3,0.011570930480957031
Oil (439).png,1920,1080,3,0.011843681335449219
Oil (440).png,1920,1080,3,0.011828422546386719
Oil (441).png,1920,1080,3,0.011836051940917969
Oil (442).png,1920,1080,3,0.011821746826171875
Oil (443).png,1920,1080,3,0.011974334716796875
Oil (445).png,1920,1080,3,0.011859893798828125
Oil (447).png,1920,1080,3,0.01203155517578125
Oil (448).png,1920,1080,3,0.014032363891601562
Oil (449).png,1920,1080,3,0.013644218444824219
Oil (45).png,1920,1080,3,0.017986297607421875
Oil (450).png,1920,1080,3,0.01416015625
Oil (451).png,1920,1080,3,0.014292716979980469
Oil (454).png,1920,1080,3,0.013011932373046875
Oil (455).png,1920,1080,3,0.013081550598144531
Oil (456).png,1920,1080,3,0.012990951538085938
Oil (457).png,1920,1080,3,0.012980461120605469
Oil (458).png,1920,1080,3,0.012956619262695312
Oil (459).png,1920,1080,3,0.030348777770996094
Oil (46).png,1920,1080,3,0.021364212036132812
Oil (460).png,1920,1080,3,0.029293060302734375
Oil (463).png,1920,1080,3,0.028936386108398438
Oil (465).png,1920,1080,3,0.022767066955566406
Oil (467).png,1920,1080,3,0.02715778350830078
Oil (468).png,1920,1080,3,0.027054786682128906
Oil (469).png,1920,1080,3,0.022912025451660156
Oil (47).png,1920,1080,3,0.022017478942871094
Oil (470).png,1920,1080,3,0.027347564697265625
Oil (472).png,1920,1080,3,0.012482643127441406
Oil (473).png,1920,1080,3,0.01245880126953125
Oil (474).png,1920,1080,3,0.0137481689453125
Oil (475).png,1920,1080,3,0.012579917907714844
Oil (478).png,1920,1080,3,0.013898849487304688
Oil (480).png,1920,1080,3,0.012597084045410156
Oil (481).png,1920,1080,3,0.027513504028320312
Oil (482).png,1920,1080,3,0.027759552001953125
Oil (483).png,1920,1080,3,0.026892662048339844
Oil (484).png,1920,1080,3,0.02677631378173828
Oil (485).png,1920,1080,3,0.027062416076660156
Oil (486).png,1920,1080,3,0.02729511260986328
Oil (487).png,1920,1080,3,0.027930259704589844
Oil (488).png,1920,1080,3,0.027606964111328125
Oil (490).png,1920,1080,3,0.027718544006347656
Oil (496).png,1920,1080,3,0.029313087463378906
Oil (497).png,1920,1080,3,0.02980327606201172
Oil (498).png,1920,1080,3,0.029470443725585938
Oil (5).png,1920,1080,3,0.026994705200195312
Oil (501).png,1920,1080,3,0.030640602111816406
Oil (503).png,1920,1080,3,0.031414031982421875
Oil (504).png,1920,1080,3,0.031183242797851562
Oil (505).png,1920,1080,3,0.030488014221191406
Oil (507).png,1920,1080,3,0.03355693817138672
Oil (508).png,1920,1080,3,0.03342723846435547
Oil (510).png,1920,1080,3,0.03482341766357422
Oil (511).png,1920,1080,3,0.03388690948486328
Oil (512).png,1920,1080,3,0.032851219177246094
Oil (513).png,1920,1080,3,0.03153514862060547
Oil (514).png,1920,1080,3,0.033965110778808594
Oil (516).png,1920,1080,3,0.032683372497558594
Oil (517).png,1920,1080,3,0.034012794494628906
Oil (518).png,1920,1080,3,0.03217601776123047
Oil (519).png,1920,1080,3,0.030638694763183594
Oil (52).png,1920,1080,3,0.02206897735595703
Oil (522).png,1920,1080,3,0.030092239379882812
Oil (523).png,1920,1080,3,0.030910491943359375
Oil (525).png,1920,1080,3,0.029184341430664062
Oil (526).png,1920,1080,3,0.03017711639404297
Oil (527).png,1920,1080,3,0.029758453369140625
Oil (528).png,1920,1080,3,0.029787063598632812
Oil (529).png,1920,1080,3,0.029524803161621094
Oil (53).png,1920,1080,3,0.022042274475097656
Oil (530).png,1920,1080,3,0.028542518615722656
Oil (531).png,1920,1080,3,0.028949737548828125
Oil (532).png,1920,1080,3,0.030412673950195312
Oil (533).png,1920,1080,3,0.029172897338867188
Oil (534).png,1920,1080,3,0.02968883514404297
Oil (535).png,1920,1080,3,0.02940654754638672
Oil (537).png,1920,1080,3,0.03696250915527344
Oil (538).png,1920,1080,3,0.034300804138183594
Oil (54).png,1920,1080,3,0.02176380157470703
Oil (540).png,1920,1080,3,0.03540229797363281
Oil (542).png,1920,1080,3,0.03780364990234375
Oil (545).png,1920,1080,3,0.03456592559814453
Oil (547).png,1920,1080,3,0.03516387939453125
Oil (548).png,1920,1080,3,0.035236358642578125
Oil (549).png,1920,1080,3,0.03519725799560547
Oil (55).png,1920,1080,3,0.01723194122314453
Oil (550).png,1920,1080,3,0.035353660583496094
Oil (551).png,1920,1080,3,0.034793853759765625
Oil (552).png,1920,1080,3,0.035668373107910156
Oil (553).png,1920,1080,3,0.038051605224609375
Oil (554).png,1920,1080,3,0.035099029541015625
Oil (556).png,1920,1080,3,0.03655815124511719
Oil (557).png,1920,1080,3,0.041693687438964844
Oil (558).png,1920,1080,3,0.03468894958496094
Oil (559).png,1920,1080,3,0.034989356994628906
Oil (56).png,1920,1080,3,0.01906299591064453
Oil (561).png,1920,1080,3,0.03357982635498047
Oil (563).png,1920,1080,3,0.035140037536621094
Oil (564).png,1920,1080,3,0.03585529327392578
Oil (566).png,1920,1080,3,0.03365325927734375
Oil (568).png,1920,1080,3,0.03235816955566406
Oil (57).png,1920,1080,3,0.0192108154296875
Oil (571).png,1920,1080,3,0.027588844299316406
Oil (574).png,1920,1080,3,0.03365325927734375
Oil (575).png,1920,1080,3,0.03423118591308594
Oil (577).png,1920,1080,3,0.03441619873046875
Oil (58).png,1920,1080,3,0.012146949768066406
Oil (580).png,1920,1080,3,0.032219886779785156
Oil (583).png,1920,1080,3,0.03245353698730469
Oil (585).png,1920,1080,3,0.032057762145996094
Oil (587).png,1920,1080,3,0.033005714416503906
Oil (589).png,1920,1080,3,0.03033161163330078
Oil (590).png,1920,1080,3,0.029710769653320312
Oil (592).png,1920,1080,3,0.029664039611816406
Oil (594).png,1920,1080,3,0.029404640197753906
Oil (597).png,1920,1080,3,0.030058860778808594
Oil (598).png,1920,1080,3,0.029315948486328125
Oil (6).png,1920,1080,3,0.029770851135253906
Oil (600).png,1920,1080,3,0.028059959411621094
Oil (601).png,1920,1080,3,0.026688575744628906
Oil (602).png,1920,1080,3,0.02801513671875
Oil (603).png,1920,1080,3,0.027968406677246094
Oil (606).png,1920,1080,3,0.025503158569335938
Oil (607).png,1920,1080,3,0.026389122009277344
Oil (608).png,1920,1080,3,0.024816513061523438
Oil (609).png,1920,1080,3,0.023024559020996094
Oil (612).png,1920,1080,3,0.022363662719726562
Oil (613).png,1920,1080,3,0.02310657501220703
Oil (614).png,1920,1080,3,0.021306991577148438
Oil (615).png,1920,1080,3,0.021063804626464844
Oil (617).png,1920,1080,3,0.022167205810546875
Oil (618).png,1920,1080,3,0.022298812866210938
Oil (619).png,1920,1080,3,0.024364471435546875
Oil (62).png,1920,1080,3,0.013144493103027344
Oil (620).png,1920,1080,3,0.022832870483398438
Oil (621).png,1920,1080,3,0.022525787353515625
Oil (622).png,1920,1080,3,0.021924972534179688
Oil (626).png,1920,1080,3,0.02190876007080078
Oil (627).png,1920,1080,3,0.021900177001953125
Oil (629).png,1920,1080,3,0.022325515747070312
Oil (63).png,1920,1080,3,0.0128936767578125
Oil (630).png,1920,1080,3,0.020235061645507812
Oil (631).png,1920,1080,3,0.021257400512695312
Oil (633).png,1920,1080,3,0.0196380615234375
Oil (634).png,1920,1080,3,0.020200729370117188
Oil (638).png,1920,1080,3,0.020009994506835938
Oil (639).png,1920,1080,3,0.020275115966796875
Oil (642).png,1920,1080,3,0.019062042236328125
Oil (644).png,1920,1080,3,0.01921558380126953
Oil (645).png,1920,1080,3,0.018945693969726562
Oil (646).png,1920,1080,3,0.019063949584960938
Oil (647).png,1920,1080,3,0.01873779296875
Oil (648).png,1920,1080,3,0.016824722290039062
Oil (649).png,1920,1080,3,0.016699790954589844
Oil (650).png,1920,1080,3,0.01691150665283203
Oil (651).png,1920,1080,3,0.017708778381347656
Oil (652).png,1920,1080,3,0.019453048706054688
Oil (653).png,1920,1080,3,0.016701698303222656
Oil (654).png,1920,1080,3,0.017721176147460938
Oil (655).png,1920,1080,3,0.01687908172607422
Oil (656).png,1920,1080,3,0.016427993774414062
Oil (657).png,1920,1080,3,0.017658233642578125
Oil (658).png,1920,1080,3,0.0179443359375
Oil (66).png,1920,1080,3,0.01751422882080078
Oil (661).png,1920,1080,3,0.016595840454101562
Oil (662).png,1920,1080,3,0.01696491241455078
Oil (664).png,1920,1080,3,0.017904281616210938
Oil (666).png,1920,1080,3,0.019913673400878906
Oil (668).png,1920,1080,3,0.01839160919189453
Oil (669).png,1920,1080,3,0.01853179931640625
Oil (67).png,1920,1080,3,0.014894485473632812
Oil (670).png,1920,1080,3,0.01850414276123047
Oil (671).png,1920,1080,3,0.021383285522460938
Oil (672).png,1920,1080,3,0.01834583282470703
Oil (673).png,1920,1080,3,0.02890777587890625
Oil (675).png,1920,1080,3,0.029435157775878906
Oil (676).png,1920,1080,3,0.03144550323486328
Oil (678).png,1920,1080,3,0.03384590148925781
Oil (679).png,1920,1080,3,0.03408336639404297
Oil (68).png,1920,1080,3,0.01364898681640625
Oil (681).png,1920,1080,3,0.031968116760253906
Oil (682).png,1920,1080,3,0.03307914733886719
Oil (683).png,1920,1080,3,0.03416633605957031
Oil (684).png,1920,1080,3,0.03479576110839844
Oil (685).png,1920,1080,3,0.03479766845703125
Oil (688).png,1920,1080,3,0.03388500213623047
Oil (689).png,1920,1080,3,0.034956932067871094
Oil (69).png,1920,1080,3,0.012402534484863281
Oil (692).png,1920,1080,3,0.03469085693359375
Oil (693).png,1920,1080,3,0.035076141357421875
Oil (694).png,1920,1080,3,0.03255653381347656
Oil (696).png,1920,1080,3,0.03345012664794922
Oil (698).png,1920,1080,3,0.03381824493408203
Oil (7).png,1920,1080,3,0.030012130737304688
Oil (70).png,1920,1080,3,0.01311492919921875
Oil (700).png,1920,1080,3,0.03400993347167969
Oil (701).png,1920,1080,3,0.03382110595703125
Oil (702).png,1920,1080,3,0.03415393829345703
Oil (703).png,1920,1080,3,0.033599853515625
Oil (705).png,1920,1080,3,0.03471851348876953
Oil (706).png,1920,1080,3,0.035162925720214844
Oil (707).png,1920,1080,3,0.03336143493652344
Oil (709).png,1920,1080,3,0.03344440460205078
Oil (710).png,1920,1080,3,0.03444099426269531
Oil (712).png,1920,1080,3,0.03632068634033203
Oil (715).png,1920,1080,3,0.03598213195800781
Oil (717).png,1920,1080,3,0.035058021545410156
Oil (719).png,1920,1080,3,0.03815460205078125
Oil (72).png,1920,1080,3,0.012609481811523438
Oil (721).png,1920,1080,3,0.035592079162597656
Oil (722).png,1920,1080,3,0.029092788696289062
Oil (723).png,1920,1080,3,0.026994705200195312
Oil (725).png,1920,1080,3,0.027176856994628906
Oil (726).png,1920,1080,3,0.028397560119628906
Oil (727).png,1920,1080,3,0.02825450897216797
Oil (728).png,1920,1080,3,0.02691650390625
Oil (729).png,1920,1080,3,0.02642536163330078
Oil (73).png,1920,1080,3,0.012787818908691406
Oil (730).png,1920,1080,3,0.026956558227539062
Oil (731).png,1920,1080,3,0.02616596221923828
Oil (732).png,1920,1080,3,0.027901649475097656
Oil (733).png,1920,1080,3,0.027647972106933594
Oil (734).png,1920,1080,3,0.026462554931640625
Oil (735).png,1920,1080,3,0.026363372802734375
Oil (736).png,1920,1080,3,0.02898693084716797
Oil (737).png,1920,1080,3,0.028540611267089844
Oil (738).png,1920,1080,3,0.026319503784179688
Oil (739).png,1920,1080,3,0.0263214111328125
Oil (740).png,1920,1080,3,0.02639007568359375
Oil (742).png,1920,1080,3,0.026307106018066406
Oil (745).png,1920,1080,3,0.026618003845214844
Oil (746).png,1920,1080,3,0.02626323699951172
Oil (750).png,1920,1080,3,0.026378631591796875
Oil (751).png,1920,1080,3,0.02667236328125
Oil (752).png,1920,1080,3,0.02615642547607422
Oil (753).png,1920,1080,3,0.027599334716796875
Oil (756).png,1920,1080,3,0.02653980255126953
Oil (757).png,1920,1080,3,0.027704238891601562
Oil (76).png,1920,1080,3,0.012816429138183594
Oil (763).png,1920,1080,3,0.012042045593261719
Oil (765).png,1920,1080,3,0.012704849243164062
Oil (766).png,1920,1080,3,0.012465476989746094
Oil (769).png,5184,2920,3,0.05471515655517578
Oil (77).png,1920,1080,3,0.012744903564453125
Oil (770).png,1920,1080,3,0.029237747192382812
Oil (772).png,1920,1080,3,0.03574657440185547
Oil (775).png,1920,1080,3,0.03355884552001953
Oil (779).png,1920,1080,3,0.03006458282470703
Oil (78).png,1920,1080,3,0.013171195983886719
Oil (780).png,5184,2920,3,0.10696983337402344
Oil (781).png,4056,3040,3,0.1131439208984375
Oil (782).png,5184,3888,3,0.1428060531616211
Oil (783).png,5184,3888,3,0.1489572525024414
Oil (784).png,4056,3040,3,0.1231679916381836
Oil (785).png,5184,3888,3,0.15494728088378906
Oil (786).png,1920,1080,3,0.036835670471191406
Oil (787).png,1920,1080,3,0.038390159606933594
Oil (790).png,1920,1080,3,0.03697395324707031
Oil (792).png,1920,1080,3,0.036457061767578125
Oil (793).png,1920,1080,3,0.03713798522949219
Oil (794).png,1920,1080,3,0.036407470703125
Oil (795).png,1920,1080,3,0.03630352020263672
Oil (796).png,1920,1080,3,0.035544395446777344
Oil (797).png,1920,1080,3,0.036800384521484375
Oil (8).png,1920,1080,3,0.027319908142089844
Oil (80).png,1920,1080,3,0.012785911560058594
Oil (801).png,1920,1080,3,0.021264076232910156
Oil (802).png,1920,1080,3,0.019939422607421875
Oil (803).png,1920,1080,3,0.019838333129882812
Oil (804).png,1920,1080,3,0.01886749267578125
Oil (808).png,1920,1080,3,0.02190113067626953
Oil (81).png,1920,1080,3,0.012810707092285156
Oil (810).png,1920,1080,3,0.023157119750976562
Oil (812).png,1920,1080,3,0.021681785583496094
Oil (814).png,1920,1080,3,0.021402359008789062
Oil (815).png,1920,1080,3,0.02182292938232422
Oil (817).png,1920,1080,3,0.022452354431152344
Oil (818).png,1920,1080,3,0.022602081298828125
Oil (82).png,1920,1080,3,0.012609481811523438
Oil (822).png,1920,1080,3,0.024843215942382812
Oil (824).png,1920,1080,3,0.02388286590576172
Oil (825).png,1920,1080,3,0.024578094482421875
Oil (828).png,1920,1080,3,0.03576183319091797
Oil (829).png,1920,1080,3,0.03481292724609375
Oil (83).png,1920,1080,3,0.013150215148925781
Oil (830).png,1920,1080,3,0.035797119140625
Oil (831).png,1920,1080,3,0.03490447998046875
Oil (832).png,1920,1080,3,0.034012794494628906
Oil (834).png,1920,1080,3,0.035449981689453125
Oil (835).png,1920,1080,3,0.035820960998535156
Oil (836).png,1920,1080,3,0.034503936767578125
Oil (837).png,1920,1080,3,0.036726951599121094
Oil (838).png,1920,1080,3,0.03607940673828125
Oil (84).png,1920,1080,3,0.01282501220703125
Oil (841).png,1920,1080,3,0.03760051727294922
Oil (842).png,1920,1080,3,0.03488445281982422
Oil (845).png,1920,1080,3,0.03442955017089844
Oil (847).png,1920,1080,3,0.03420257568359375
Oil (848).png,1920,1080,3,0.0344696044921875
Oil (85).png,1920,1080,3,0.013077735900878906
Oil (850).png,1920,1080,3,0.03494071960449219
Oil (851).png,1920,1080,3,0.0353240966796875
Oil (852).png,1920,1080,3,0.03290271759033203
Oil (853).png,1920,1080,3,0.035004615783691406
Oil (854).png,1920,1080,3,0.03491497039794922
Oil (855).png,1920,1080,3,0.03430461883544922
Oil (857).png,1920,1080,3,0.03392982482910156
Oil (859).png,1920,1080,3,0.03577613830566406
Oil (860).png,1920,1080,3,0.03338050842285156
Oil (861).png,1920,1080,3,0.0340576171875
Oil (866).png,1920,1080,3,0.03410530090332031
Oil (867).png,1920,1080,3,0.033980369567871094
Oil (868).png,1920,1080,3,0.03516674041748047
Oil (869).png,1920,1080,3,0.034107208251953125
Oil (870).png,1920,1080,3,0.03450775146484375
Oil (872).png,1920,1080,3,0.03575897216796875
Oil (873).png,1920,1080,3,0.034094810485839844
Oil (876).png,1920,1080,3,0.034023284912109375
Oil (877).png,1920,1080,3,0.03582191467285156
Oil (879).png,1920,1080,3,0.0332489013671875
Oil (880).png,1920,1080,3,0.03161430358886719
Oil (881).png,1920,1080,3,0.03452873229980469
Oil (882).png,1920,1080,3,0.03426837921142578
Oil (885).png,1920,1080,3,0.03125953674316406
Oil (886).png,1920,1080,3,0.033125877380371094
Oil (887).png,1920,1080,3,0.03329658508300781
Oil (888).png,1920,1080,3,0.03180980682373047
Oil (889).png,1920,1080,3,0.034702301025390625
Oil (89).png,1920,1080,3,0.014247894287109375
Oil (890).png,1920,1080,3,0.03414440155029297
Oil (892).png,1920,1080,3,0.033782958984375
Oil (893).png,1920,1080,3,0.033736228942871094
Oil (894).png,1920,1080,3,0.031212806701660156
Oil (896).png,1920,1080,3,0.031185150146484375
Oil (898).png,1920,1080,3,0.030243873596191406
Oil (899).png,1920,1080,3,0.03129291534423828
Oil (9).png,1920,1080,3,0.01819133758544922
Oil (90).png,1920,1080,3,0.012762069702148438
Oil (900).png,1920,1080,3,0.030953407287597656
Oil (902).png,1920,1080,3,0.03361320495605469
Oil (905).png,1920,1080,3,0.03307628631591797
Oil (906).png,1920,1080,3,0.03279304504394531
Oil (907).png,1920,1080,3,0.03286266326904297
Oil (909).png,1920,1080,3,0.031818389892578125
Oil (91).png,1920,1080,3,0.021079063415527344
Oil (911).png,1920,1080,3,0.033023834228515625
Oil (912).png,1920,1080,3,0.03310680389404297
Oil (913).png,1920,1080,3,0.03248786926269531
Oil (914).png,1920,1080,3,0.031851768493652344
Oil (916).png,1920,1080,3,0.0252685546875
Oil (917).png,1920,1080,3,0.02571868896484375
Oil (919).png,1920,1080,3,0.02766132354736328
Oil (92).png,1920,1080,3,0.014158248901367188
Oil (920).png,1920,1080,3,0.02695751190185547
Oil (921).png,1920,1080,3,0.02701091766357422
Oil (923).png,1920,1080,3,0.02793121337890625
Oil (925).png,1920,1080,3,0.028512954711914062
Oil (928).png,1920,1080,3,0.028013229370117188
Oil (929).png,1920,1080,3,0.02819061279296875
Oil (93).png,1920,1080,3,0.013854026794433594
Oil (930).png,1920,1080,3,0.02806377410888672
Oil (931).png,1920,1080,3,0.028120994567871094
Oil (932).png,1920,1080,3,0.027078628540039062
Oil (934).png,1920,1080,3,0.026459693908691406
Oil (936).png,1920,1080,3,0.02706432342529297
Oil (938).png,1920,1080,3,0.027334213256835938
Oil (939).png,1920,1080,3,0.02664947509765625
Oil (94).png,1920,1080,3,0.014241218566894531
Oil (941).png,1920,1080,3,0.02704620361328125
Oil (942).png,1920,1080,3,0.027368545532226562
Oil (943).png,1920,1080,3,0.027375221252441406
Oil (945).png,1920,1080,3,0.02793407440185547
Oil (947).png,1920,1080,3,0.026668548583984375
Oil (948).png,1920,1080,3,0.02733612060546875
Oil (949).png,1920,1080,3,0.02759838104248047
Oil (95).png,1920,1080,3,0.013917922973632812
Oil (951).png,1920,1080,3,0.028418540954589844
Oil (953).png,1920,1080,3,0.027916908264160156
Oil (954).png,1920,1080,3,0.027225494384765625
Oil (955).png,1920,1080,3,0.02751445770263672
Oil (957).png,1920,1080,3,0.028169631958007812
Oil (96).png,1920,1080,3,0.01432037353515625
Oil (960).png,1920,1080,3,0.028554916381835938
Oil (961).png,1920,1080,3,0.027825355529785156
Oil (963).png,1920,1080,3,0.02732563018798828
Oil (964).png,1920,1080,3,0.027626991271972656
Oil (965).png,1920,1080,3,0.028020858764648438
Oil (966).png,1920,1080,3,0.02696990966796875
Oil (968).png,1920,1080,3,0.026933670043945312
Oil (969).png,1920,1080,3,0.025724411010742188
Oil (970).png,1920,1080,3,0.026012420654296875
Oil (971).png,1920,1080,3,0.025605201721191406
Oil (972).png,1920,1080,3,0.027006149291992188
Oil (974).png,1920,1080,3,0.025604248046875
Oil (975).png,1920,1080,3,0.02565479278564453
Oil (976).png,1920,1080,3,0.02569293975830078
Oil (977).png,1920,1080,3,0.025651931762695312
Oil (978).png,1920,1080,3,0.025745391845703125
Oil (979).png,1920,1080,3,0.026984214782714844
Oil (98).png,1920,1080,3,0.015219688415527344
Oil (980).png,1920,1080,3,0.02578258514404297
Oil (982).png,1920,1080,3,0.02574634552001953
Oil (983).png,1920,1080,3,0.025791168212890625
Oil (984).png,1920,1080,3,0.02582263946533203
Oil (986).png,1920,1080,3,0.02561664581298828
Oil (987).png,1920,1080,3,0.025656700134277344
Oil (988).png,1920,1080,3,0.025747299194335938
Oil (989).png,1920,1080,3,0.02304840087890625
Oil (990).png,1920,1080,3,0.02323627471923828
Oil (991).png,1920,1080,3,0.02299785614013672
Oil (992).png,1920,1080,3,0.02194499969482422
Oil (994).png,1920,1080,3,0.02027130126953125
Oil (999).png,1920,1080,3,0.030321121215820312
Oil_2 (1).png,3840,2160,3,0.0664510726928711
Oil_2 (11).png,3840,2160,3,0.05803394317626953
Oil_2 (2).png,3840,2160,3,0.04635810852050781
Oil_2 (5).png,3840,2160,3,0.06317424774169922
Oil_2 (6).png,3840,2160,3,0.06459522247314453
Oil_2 (7).png,3840,2160,3,0.060924530029296875
Oil_2 (8).png,3840,2160,3,0.07553672790527344
